malicious_ratio,avg_detection_rate,fairness_decay_rate,rep_gini,committee_participation_var
with_malicious_10p,6.411111111111111,-0.4925096557731949,0.09999999917282765,0.0
with_malicious_15p,9.766666666666667,-0.40028258251776205,0.14999999834457797,0.0
with_malicious_20p,13.122222222222222,-0.3363118049991211,0.19999999732929338,0.0
with_malicious_25p,16.2,-0.25594268206428233,0.2499999962521261,0.0
with_malicious_30p,19.6,-0.19278189865633233,0.29999999630314095,0.0
